{"web":
    {"client_id":"946099985480-tu27gi93i32g0oq3h32ritn46q6q4th6.apps.googleusercontent.com",
        "project_id":"top-script-341008",
        "auth_uri":"https://accounts.google.com/o/oauth2/auth",
        "token_uri":"https://oauth2.googleapis.com/token",
        "auth_provider_x509_cert_url":"https://www.googleapis.com/oauth2/v1/certs",
        "client_secret":"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",
        "redirect_uris":["http://localhost:8080/"],
        "javascript_origins":["http://localhost:8080"]
        }
    }
    